﻿<?xml version="1.0" encoding="utf-8" ?>
<root>
	<sequences>
	  <sequence name="MCH OPENER 1" timer="5" icon="machinist_icon_4.png">
	    <key skill="quelling_strikes" />
	    <key skill="hypercharge" />
	    <key skill="blood_for_blood" />
	    <key skill="hawks_eye" />
	    <key skill="raging_strikes" />
	  </sequence>

	   <sequence name="MCH OPENER 2" timer="5" icon="machinist_icon_4.png">
		<key skill="hot_shot" />
		<key skill="lead_shot" />
		<key skill="split_shot" />
		<key skill="slug_shot" />
		<key skill="split_shot" />
		<key skill="clean_shot" />
		<key skill="slug_shot" />
		<key skill="clean_shot" />
	  </sequence>
	</sequences>

	<skills>
		<skill name="quelling_strikes" icon="quelling_strikes.png" shortcut="Ctrl+D1" castingtime="" />
		<skill name="hypercharge" icon="hypercharge.png" shortcut="Ctrl+D2" castingtime="" />
		<skill name="blood_for_blood" icon="blood_for_blood.png" shortcut="Ctrl+D3" castingtime="" />
		<skill name="hawks_eye" icon="hawks_eye.png" shortcut="Ctrl+D4" castingtime="" />
		<skill name="raging_strikes" icon="raging_strikes.png" shortcut="Ctrl+D5" castingtime="" />

		<skill name="gauss_round" icon="gauss_round.png" shortcut="E" castingtime="" />
		<skill name="gauss_barrel" icon="gauss_barrel.png" shortcut="²" castingtime="" />

		<skill name="hot_shot" icon="hot_shot.png" shortcut="Shift+D4" castingtime="" />
		<skill name="lead_shot" icon="lead_shot.png" shortcut="Shift+D5" castingtime="" />

		<skill name="slip_shot" icon="split_shot.png" shortcut="D1" castingtime="" />
		<skill name="slug_shot" icon="slug_shot.png" shortcut="D2" castingtime="" />
		<skill name="clean_shot" icon="clean_shot.png" shortcut="D3" castingtime="" />
		<skill name="wildfire" icon="widlfire.png" shortcut="D4" castingtime="" />
	</skills>
</root>